256,5,x,y,z,label,distance
-0.0993804931640625,-1.209686279296875,0.3044891357421875,0,0.4660900272808331
-0.0205535888671875,-0.9997406005859376,0.12078857421875,0,0.116939701907118
0.2125244140625,-0.9763641357421876,0.0749969482421875,0,0.24528515425659847
0.3168487548828125,-0.870635986328125,0.614105224609375,1,0.6256025931644856
0.290435791015625,-1.083404541015625,0.1411285400390625,1,0.6359487601183702
0.0838775634765625,-0.9507293701171876,-0.048095703125,1,0.30995937885152136
-0.7207183837890625,-0.61370849609375,-0.73583984375,1,1.1108328906040772
-0.0368804931640625,-0.43267822265625,0.0724334716796875,1,2.0316996176510163
0.1943206787109375,-0.9637603759765624,0.4014739990234375,1,0.6037795849889396
-0.038665771484375,-0.255401611328125,1.5019073486328125,1,1.6121140031676506
0.620819091796875,-2.39129638671875,1.6996002197265625,1,2.2441143570948756
0.2653350830078125,-0.718292236328125,0.03533935546875,1,2.3864358344672
0.744384765625,-0.988006591796875,-0.0149993896484375,1,0.8159527173396115
0.068756103515625,-0.9483184814453124,-0.1071014404296875,1,0.683031494826625
-0.4388580322265625,-1.916259765625,-0.6445770263671875,1,1.5635810450948755
0.2039794921875,-1.3078155517578125,-0.029693603515625,1,1.0777411878001664
0.457305908203125,-1.0187835693359375,0.41949462890625,1,0.5911715724392784
-0.12725830078125,-0.897430419921875,-0.129241943359375,1,0.8108968658467409
-0.29150390625,-0.8445587158203125,-0.3385009765625,1,0.2712220105144603
-0.4707794189453125,-0.2796630859375,-0.49029541015625,1,0.6117910854065414
-0.0217742919921875,-0.3638916015625,0.0793304443359375,1,0.7301874149699771
0.1348419189453125,-0.859588623046875,0.12786865234375,1,0.5221112259600535
0.1802978515625,-1.163726806640625,0.174957275390625,1,0.31110065083547245
0.1387481689453125,-2.646240234375,1.1218109130859375,1,2.1658188716656763
-0.0817108154296875,-0.387969970703125,0.0096435546875,1,2.526915705096483
0.40826416015625,-1.1688385009765625,0.3276824951171875,1,0.6133287050404777
0.4578094482421875,-0.956787109375,-0.0162200927734375,1,0.40704977362669886
0.220947265625,-0.6454010009765625,0.084381103515625,1,1.4731009085388527
0.40301513671875,-1.0493927001953125,0.12371826171875,1,0.44486561424520216
-0.29083251953125,-1.9900970458984373,0.1695709228515625,1,1.7074088535813763
0.0150909423828125,-0.401947021484375,0.08319091796875,1,1.6196515581567
0.417694091796875,-0.8985443115234375,-0.040679931640625,1,0.6511851900766871
0.387908935546875,-1.2592010498046875,0.2874755859375,1,0.4885145669450135
-0.0965423583984375,-0.7426300048828125,-0.264892578125,1,0.769583186887633
-0.5120849609375,-0.9787139892578124,-0.3980255126953125,1,0.49612063096651765
0.1006011962890625,-0.931488037109375,0.2494354248046875,1,0.8926479056166309
0.577178955078125,-1.0286865234375,-0.294342041015625,1,0.6059280718262465
-0.1192169189453125,-0.7522430419921875,-0.2798004150390625,1,0.749399540082935
-0.8634185791015625,-0.76947021484375,-0.3473358154296875,1,0.7474583043686773
0.8031463623046875,-1.0750579833984375,0.6371612548828125,1,1.959606355794078
0.0962677001953125,-1.476226806640625,0.52410888671875,1,1.2055760084258826
0.54071044921875,-0.9737396240234376,-0.036956787109375,1,0.8745384017882101
0.5435028076171875,-0.978790283203125,0.0574188232421875,1,0.0945519024282676
-0.55859375,-0.7981719970703125,-0.5634613037109375,1,0.5818509898410776
-0.214813232421875,0.135833740234375,-0.3587493896484375,1,1.0160997634796933
0.3525848388671875,-0.8116912841796875,-0.1478271484375,1,0.878445168721327
0.295562744140625,-1.171112060546875,0.219970703125,1,0.5174070673902587
0.9090728759765624,-0.8511810302734375,-0.034027099609375,1,0.7370654175791067
0.0025634765625,-0.889556884765625,0.043701171875,1,0.9106446516737461
0.7015533447265625,-1.8425750732421875,-0.25177001953125,1,1.2182502732666187
0.1022186279296875,-0.6634674072265625,0.0391845703125,1,0.33541719000552894
-0.348388671875,-1.6174774169921875,-0.3635101318359375,1,1.1293117640885082
0.0438385009765625,-0.989349365234375,0.2129669189453125,1,0.6084948162214826
0.0703277587890625,-0.2803192138671875,1.267242431640625,1,1.3871356345034052
0.7662506103515625,-1.8850250244140625,1.3771209716796875,1,1.7525588855416243
-0.0433349609375,-0.8599700927734375,-0.0499114990234375,1,0.6368515215927556
-0.3608551025390625,-0.678985595703125,-0.2607574462890625,1,0.421936537859438
0.877716064453125,-1.8445892333984373,1.091461181640625,1,2.1728289379592174
0.0174713134765625,-0.7427520751953125,0.1270294189453125,1,1.6982917239613027
0.3919830322265625,-0.905426025390625,-0.0477294921875,1,0.44414245301879485
0.5955047607421875,-1.11029052734375,0.639007568359375,3,0.8175417508849775
-0.1759033203125,-1.3398895263671875,0.0106964111328125,3,1.021058782913316
0.4337158203125,-1.030670166015625,0.0623779296875,3,0.176493539361157
0.9318389892578124,-1.937255859375,0.216827392578125,3,1.045886680014246
0.5666351318359375,-0.89788818359375,0.178802490234375,3,1.1023179741494677
-0.03533935546875,-1.498046875,0.3188323974609375,3,0.8614941167263324
0.2928009033203125,-0.81964111328125,-0.0144195556640625,3,0.8239947034010459
0.705108642578125,-0.3589324951171875,0.599884033203125,3,0.922488583474166
0.4246826171875,-1.0223388671875,-0.01287841796875,3,0.9456344916435958
0.46405029296875,-0.9686279296875,-0.035614013671875,3,0.07036750681616111
0.3792877197265625,-1.253082275390625,0.6123504638671875,3,0.7127109742136011
0.2387847900390625,-0.95880126953125,0.2733612060546875,3,0.47037867784652576
0.252349853515625,-1.461456298828125,0.3670806884765625,3,0.5114972441861144
0.3452606201171875,-0.9101104736328124,0.06353759765625,3,0.20303812025900234
0.2191314697265625,-0.230377197265625,0.2626495361328125,3,0.7194382903509003
0.080047607421875,-0.99359130859375,-0.07427978515625,3,0.2400429135208425
0.3136749267578125,-0.7924652099609375,0.0732879638671875,3,0.3417743004428451
0.2475433349609375,-1.419219970703125,0.045745849609375,3,0.6308355456094524
0.08697509765625,-0.8061981201171875,0.0762939453125,3,0.6344376520021721
0.61151123046875,-1.1614227294921875,0.108184814453125,3,0.6343025344944307
0.298553466796875,-0.2065887451171875,0.1357421875,3,1.00519147846029
-0.01202392578125,-1.5222015380859375,0.38726806640625,3,0.7181980288292694
-0.7103118896484375,-1.121826171875,-0.313690185546875,3,2.2232736152178463
0.315887451171875,-1.1767425537109375,0.1625213623046875,3,1.1326421916921405
-0.0069122314453125,-0.7986297607421875,0.317535400390625,3,0.6257037025213344
0.3098907470703125,-1.3724365234375,-0.0046844482421875,3,1.1776121676715696
0.35992431640625,-0.9822235107421876,0.01116943359375,3,0.393726934443802
0.2268218994140625,-0.7663421630859375,-0.0420074462890625,3,0.2591308361216626
0.072906494140625,-0.8420257568359375,0.1586151123046875,0,0.2639457697333
0.25006103515625,-0.9543304443359376,-0.102691650390625,0,0.3350780483219302
0.0776519775390625,-0.9959564208984376,0.07916259765625,0,0.056177583495251385
0.0797271728515625,-1.0029296875,0.046844482421875,0,0.033126929452996834
0.052581787109375,-1.00506591796875,0.01922607421875,0,0.03878417099000847
0.0855712890625,-1.0010528564453125,0.03594970703125,0,0.03720338420565338
0.0876312255859375,-0.997650146484375,0.0528564453125,0,0.017368349745140996
0.0885467529296875,-0.9999237060546876,0.072052001953125,0,0.010270570655972209
0.0656585693359375,-0.999481201171875,0.09228515625,0,0.017091533032441538
0.2339324951171875,-0.8811492919921875,0.3631134033203125,2,0.3536998311010027
0.253021240234375,-0.9739990234375,-0.067626953125,2,0.44104728486892475
0.632720947265625,-1.33135986328125,0.0979156494140625,2,0.5470676289352656
-0.046600341796875,-0.689239501953125,0.0776824951171875,2,0.9349894933840164
0.2424774169921875,-0.9918975830078124,0.0259857177734375,2,0.4217113010602661
0.426422119140625,-0.688018798828125,-0.099853515625,2,0.3768467614101372
-0.01971435546875,-0.8910675048828125,0.1000518798828125,2,0.5293663175538271
0.1506500244140625,-0.6648712158203125,0.3829193115234375,2,0.7584308293523326
0.1411590576171875,-0.5714111328125,0.2263946533203125,2,0.182550908494512
0.0935821533203125,-1.1941986083984375,0.1511383056640625,2,0.629119479456595
0.2587127685546875,-0.9895477294921876,0.07861328125,2,0.2727819302868944
0.317352294921875,-0.6565704345703125,0.1135101318359375,2,0.8772220430237765
0.12457275390625,-0.4289703369140625,0.2007293701171875,2,0.3107618886119903
0.0072784423828125,-0.7443695068359375,0.1629638671875,2,0.3386160437939957
0.3486328125,-0.772064208984375,-0.0603179931640625,2,1.2877952800503487
0.443328857421875,-0.7201995849609375,0.03900146484375,2,0.14670253879161033
0.6270599365234375,-1.1291046142578125,-0.4046173095703125,2,0.6306806239490299
0.4694671630859375,-0.980133056640625,0.22943115234375,2,0.6701085429049555
0.2601776123046875,-1.0723876953125,0.0916290283203125,2,0.2670252044434504
-0.2293853759765625,-1.56866455078125,0.2567138671875,2,0.9748197208625677
0.569488525390625,-0.8582916259765625,-0.172271728515625,2,1.15189315646112
0.2360687255859375,-0.504791259765625,0.2497406005859375,2,0.6436036650973876
0.0628509521484375,-0.4977569580078125,0.058685302734375,2,0.25798450587780325
0.496124267578125,-0.79815673828125,-0.074462890625,2,1.1091675121490876
-0.1011962890625,-0.9389801025390624,-0.0229034423828125,2,0.6158582986445773
0.4640045166015625,-2.91943359375,1.5338287353515625,2,2.581678340685862
-0.041717529296875,-0.4784698486328125,0.2222900390625,2,2.816769877811789
0.3307037353515625,-1.96575927734375,0.0861358642578125,2,1.258253494657595
0.3639373779296875,-0.70458984375,0.0475616455078125,1,0.31548089572792154
-0.0155029296875,-0.8526458740234375,0.1174468994140625,1,0.41325474450814953
0.6196746826171875,-0.71868896484375,-0.0415496826171875,1,0.721414232988063
0.2176361083984375,-0.9445648193359376,0.028289794921875,1,0.49978142506627604
0.0487518310546875,-0.5733184814453125,0.3277740478515625,1,0.9306264594027711
0.4338226318359375,-0.889892578125,-0.0315704345703125,1,0.6145137405704761
0.5359344482421875,-0.965240478515625,-0.1291656494140625,1,0.4887680380947998
0.1254119873046875,-0.9973602294921876,0.031402587890625,1,0.44197570992998253
0.1869049072265625,-0.9410400390625,0.1677703857421875,1,0.1598421700973777
0.1924591064453125,-0.935638427734375,0.19879150390625,1,0.03197399421483684
0.6658782958984375,-0.719635009765625,0.096710205078125,1,0.5302865235767107
0.043853759765625,-0.6124114990234375,0.05352783203125,1,0.6326737881002183
0.3161468505859375,-1.0490875244140625,0.2668609619140625,1,1.426016299423343
-0.223419189453125,-0.9135894775390624,-0.1902313232421875,1,0.720017075783441
-0.61749267578125,-0.56585693359375,-0.650238037109375,1,0.6984396978611468
0.0342864990234375,-0.71337890625,-0.0988616943359375,1,2.9083341344994205
0.67620849609375,-0.943023681640625,-0.564056396484375,1,0.8244641221827695
-0.0498199462890625,-0.9287261962890624,-0.116943359375,1,0.8527788606604647
-0.438079833984375,-0.7707977294921875,-0.4583892822265625,1,0.5406222888948841
-0.0648040771484375,0.321746826171875,0.3370361328125,1,1.4020306657283537
-0.1937408447265625,-0.269256591796875,-0.0220947265625,1,0.7034804220727585
0.0701446533203125,-1.374725341796875,0.5563201904296875,1,1.2752492029031381
0.4300689697265625,-0.87493896484375,0.0848236083984375,1,0.7756551830521013
0.5535430908203125,-1.05078125,-0.1468505859375,1,0.31597357508192314
-0.2267303466796875,-0.85369873046875,-0.3495635986328125,1,0.8299160935232319
-0.5751800537109375,-0.62701416015625,-0.58514404296875,1,0.4778087886398119
0.0944366455078125,-0.01983642578125,0.0927734375,1,1.1298776196201383
-0.2404327392578125,-0.32794189453125,-0.0789642333984375,1,0.4863746625108934
0.1563873291015625,-1.220916748046875,0.4418487548828125,1,1.1073014153456304
0.5158233642578125,-0.9519805908203124,-0.0675048828125,1,0.6789418592678486
1.2196197509765625,-1.1293487548828125,-1.24884033203125,1,1.5525890144348635
0.18304443359375,-1.2864532470703125,-0.0627899169921875,1,0.4477233254879407
-0.1213836669921875,-0.4473876953125,0.0723876953125,1,1.397888156527937
0.104034423828125,-1.266448974609375,0.4712982177734375,1,0.9385117473119696
0.3413848876953125,-0.9668121337890624,-0.037933349609375,2,0.23359196611986333
-0.2533416748046875,-0.659027099609375,0.392303466796875,2,1.1852971774166445
0.2731781005859375,-1.193695068359375,0.632415771484375,2,0.7878748819114543
0.612060546875,-1.1171875,0.0220489501953125,2,0.38303172332557495
-0.071533203125,-0.9796905517578124,-0.04400634765625,2,0.4429356497469189
-0.524017333984375,-0.5993804931640625,-0.381134033203125,2,0.6804650657523412
0.610565185546875,-1.281402587890625,0.3650054931640625,2,1.5195906765075056
0.174652099609375,-0.416229248046875,0.380462646484375,2,0.9689086902576067
0.1272430419921875,-0.468048095703125,0.14910888671875,2,0.24177959772127586
0.0028228759765625,-0.8339080810546875,0.1782379150390625,2,0.1858385416266908
0.386871337890625,-1.080902099609375,0.0301361083984375,2,0.8721213465994239
0.0008087158203125,-0.94317626953125,0.0318603515625,2,0.40989721326815864
0.1700592041015625,-0.834320068359375,0.330230712890625,2,0.35988925079264195
1.018585205078125,-2.204620361328125,-0.055755615234375,2,1.6573185308633158
0.200042724609375,-1.4335174560546875,0.03533935546875,2,1.1282330329060895
0.77716064453125,-2.074127197265625,1.3934783935546875,2,1.6087223442229837
0.060577392578125,-0.696533203125,0.081634521484375,2,2.032779160253387
0.5796966552734375,-1.0503387451171875,-0.2901153564453125,2,1.0346785948056039
-0.1004791259765625,-1.364227294921875,-0.1570587158203125,2,0.9190030715761368
0.879974365234375,-1.5460662841796875,0.9535369873046876,2,1.4925740458153933
0.3668670654296875,-0.43475341796875,0.3885650634765625,2,1.3481426713938252
0.19805908203125,-0.573944091796875,0.122650146484375,2,0.19437015653904938
0.1930084228515625,-0.773651123046875,0.1175994873046875,2,0.199834723326521
0.538665771484375,-1.727325439453125,0.638336181640625,2,1.0392889530306795
0.6661376953125,-0.913238525390625,0.0588531494140625,2,1.0073664574774857
0.9080810546875,-1.6944580078125,0.2379608154296875,2,1.1244001734904332
-0.225341796875,-0.3634185791015625,0.0863494873046875,2,2.0668910798945856
0.2867279052734375,-0.7728729248046875,0.0048828125,2,0.6606852958688398
0.25787353515625,-0.6150054931640625,0.031890869140625,2,0.5847297015986016
0.275390625,-0.700225830078125,0.0076446533203125,2,0.09031740276350679
0.2553863525390625,-0.786773681640625,0.076690673828125,2,0.1125080196018987
0.00335693359375,-0.97991943359375,0.224365234375,2,0.38003200044568447
-0.169708251953125,-0.983978271484375,0.17047119140625,2,0.18130802652092962
0.146636962890625,-0.8601837158203125,0.02734375,2,0.3686256250589486
0.4566650390625,-0.728271484375,0.2951812744140625,2,0.4304128068540354
0.2488250732421875,-0.22528076171875,0.17022705078125,2,0.5584001042927232
0.1449737548828125,-0.618560791015625,0.205047607421875,1,0.40824839121972556
-0.623809814453125,-1.7403717041015625,-0.0856781005859375,1,1.3906866428121947
0.52752685546875,-0.8563995361328125,-0.1156463623046875,1,1.4518543377214561
0.310211181640625,-0.6237640380859375,0.1197052001953125,1,0.3958986423493784
-0.08343505859375,-0.7918853759765625,0.2434844970703125,1,0.4455821596963487
0.4605865478515625,-1.1969146728515625,0.0751495361328125,1,0.6988167847728223
0.016387939453125,-0.9024505615234376,-0.00274658203125,1,0.48945301434370275
-0.770751953125,-0.58648681640625,-0.6824951171875,1,1.0869592309573752
0.2595672607421875,-1.059051513671875,0.3927001953125,1,1.562344403640767
0.31207275390625,-0.940673828125,0.074371337890625,1,0.34366170097255916
0.274139404296875,-1.12567138671875,-0.22113037109375,1,0.35069116856704746
0.0137481689453125,-0.943084716796875,-0.124725341796875,1,0.3323182467978607
-0.4293212890625,-0.6948394775390625,-0.4628143310546875,1,0.6101150777442519
1.5731964111328125,-2.383148193359375,0.722412109375,1,2.8749304643076123
0.0170135498046875,-0.725494384765625,0.0579376220703125,1,2.3687649928423844
0.3083953857421875,-1.214996337890625,0.16485595703125,1,0.5796094088076186
0.6232147216796875,-1.048187255859375,-0.1196136474609375,1,0.4559160449119754
0.84124755859375,-1.2293701171875,-0.2724151611328125,1,0.9085843489766139
0.257049560546875,-0.921478271484375,0.0711212158203125,1,0.16437699978145914
0.89923095703125,-1.776458740234375,-0.1597137451171875,1,1.093925649724701
-0.6591339111328125,-0.9606781005859376,-0.2354736328125,1,1.7606074732707504
-0.4221038818359375,-0.2869415283203125,-0.0746002197265625,1,0.7321095946882749
0.6182403564453125,-1.1446380615234375,0.392333984375,1,1.4268801730186083
0.6505584716796875,-1.006988525390625,-0.1177825927734375,1,0.5293493909050228
-0.045013427734375,-0.745391845703125,-0.211151123046875,1,0.6189481879161804
-0.1244964599609375,-0.4788818359375,0.0239715576171875,1,2.40565608195085
-0.421356201171875,-1.6639404296875,-0.68878173828125,1,1.4143927450982765
0.400482177734375,-1.0080108642578125,0.072998046875,1,1.2984492122993236
0.0661468505859375,-0.962249755859375,-0.156494140625,1,0.40809417313267465
-0.145538330078125,-0.864990234375,-0.2882843017578125,1,0.267654024448651
0.5472869873046875,-1.2142486572265625,-0.015655517578125,1,0.3809460107372495
0.062225341796875,-0.8368072509765625,0.0587310791015625,1,0.6190962613845369
1.01446533203125,-0.9991302490234376,0.0758819580078125,1,0.96612830790933
-0.3878936767578125,-2.635589599609375,1.0872802734375,1,2.3806588474844523
-0.1396942138671875,-0.3883209228515625,0.1068878173828125,1,2.464343492049139
0.4677886962890625,-0.7806243896484375,-0.1170806884765625,1,0.75703328051654
0.595367431640625,-1.096954345703125,0.2168731689453125,1,0.47735327976082303
0.84014892578125,-1.7095489501953125,0.9667816162109376,1,1.234960930113285
0.464752197265625,-0.934295654296875,-0.0151824951171875,1,0.23055474850864915
0.019439697265625,-0.8644256591796875,-0.1009674072265625,1,0.4588508363504844
0.9182891845703124,-1.341583251953125,-0.1291656494140625,1,1.018039738925601
0.3779449462890625,-0.8064727783203125,-0.1331634521484375,1,0.8006577014109753
0.0746917724609375,-0.9080657958984376,0.1696014404296875,1,0.5501910462635538
0.740325927734375,-1.3194580078125,-0.1961822509765625,1,0.8637766433453212
-0.516754150390625,-1.30096435546875,-0.3457183837890625,1,1.377679275645115
0.3774871826171875,-1.026397705078125,-0.3268890380859375,1,0.9356329148901961
0.2482147216796875,-0.7124786376953125,0.01226806640625,1,0.47987924684326244
0.138427734375,-0.7411956787109375,0.560638427734375,1,2.2712119642600013
0.4266815185546875,-1.208831787109375,0.132080078125,1,0.5138243752094486
-0.0014495849609375,-0.9898529052734376,0.014892578125,1,0.4949554552117536
0.0707244873046875,-0.2179718017578125,0.23822021484375,1,1.5136297603101303
0.2326507568359375,-0.7698822021484375,0.0511474609375,1,0.604831730382687
0.4616241455078125,-0.9153900146484376,-0.1120147705078125,1,0.3165805584501841
0.0538330078125,-0.9420928955078124,0.1330413818359375,1,0.4765072650343859
-0.7286376953125,-0.5986785888671875,-0.61077880859375,1,1.132899935098087
0.3445587158203125,-0.905853271484375,-0.1703643798828125,3,2.326493014919787
0.519256591796875,-1.0401153564453125,0.2628631591796875,3,0.48603678454509014
0.9033203125,-1.1022186279296875,-0.00054931640625,3,0.6432445524845997
-0.1716156005859375,-0.3660736083984375,-0.05908203125,3,1.2520953611267542
0.4018096923828125,-1.07769775390625,0.2589111328125,3,0.9676492874365697
0.3303375244140625,-1.470062255859375,0.30389404296875,3,0.4013497669031369
